# CSV_SCHEMA_V=1, FW=0.9-field-hardening, BOARD_ID=0x541BBDD4DB1C, ROLE=INITIATOR, BOOT_MS=0, FREQ=2400.0, BW=1625.00, SF=8, CR=7, TXPOWER=12
seq,timestamp_ms,status,raw_distance_m,rssi_dbm,state,consecutive_failures,radio_status_code
1,5903,SUCCESS,211.0276,-84,DISPLAY,0,0
2,6558,SUCCESS,210.4192,-85,DISPLAY,0,0
3,7214,SUCCESS,211.6586,-83,DISPLAY,0,0
4,7870,SUCCESS,208.0078,-86,DISPLAY,0,0
5,8525,SUCCESS,211.2079,-88,DISPLAY,0,0
6,9181,SUCCESS,209.0444,-87,DISPLAY,0,0
7,9837,SUCCESS,213.5291,-85,DISPLAY,0,0
8,10492,SUCCESS,212.1544,-85,DISPLAY,0,0
9,11148,SUCCESS,209.5628,-85,DISPLAY,0,0
10,11804,SUCCESS,211.3431,-86,DISPLAY,0,0
11,12464,SUCCESS,209.6529,-87,DISPLAY,0,0
12,13120,SUCCESS,211.1178,-87,DISPLAY,0,0
13,13776,SUCCESS,210.3966,-86,DISPLAY,0,0
14,14432,SUCCESS,210.4642,-86,DISPLAY,0,0
15,15087,SUCCESS,210.3966,-86,DISPLAY,0,0
16,15743,SUCCESS,212.6051,-87,DISPLAY,0,0
17,16399,SUCCESS,212.6953,-87,DISPLAY,0,0
18,17055,SUCCESS,211.6361,-88,DISPLAY,0,0
19,17710,SUCCESS,209.2924,-88,DISPLAY,0,0
20,18366,SUCCESS,209.1121,-86,DISPLAY,0,0
21,19027,SUCCESS,209.7656,-86,DISPLAY,0,0
22,19683,SUCCESS,212.0868,-86,DISPLAY,0,0
23,20339,SUCCESS,211.9065,-86,DISPLAY,0,0
24,20994,SUCCESS,212.1094,-87,DISPLAY,0,0
25,21650,SUCCESS,212.3122,-86,DISPLAY,0,0
26,22306,SUCCESS,211.0276,-86,DISPLAY,0,0
27,22961,SUCCESS,211.0727,-87,DISPLAY,0,0
28,23617,SUCCESS,211.5234,-88,DISPLAY,0,0
29,24272,SUCCESS,211.1854,-85,DISPLAY,0,0
30,24928,SUCCESS,210.5544,-87,DISPLAY,0,0
31,25589,SUCCESS,211.8840,-86,DISPLAY,0,0
32,26245,SUCCESS,211.4333,-86,DISPLAY,0,0
33,26900,SUCCESS,212.9657,-87,DISPLAY,0,0
34,27556,SUCCESS,210.3515,-85,DISPLAY,0,0
35,28211,SUCCESS,210.8248,-86,DISPLAY,0,0
36,28867,SUCCESS,211.5910,-86,DISPLAY,0,0
37,29522,SUCCESS,211.4783,-87,DISPLAY,0,0
38,30178,SUCCESS,210.4192,-86,DISPLAY,0,0
39,30833,SUCCESS,209.6980,-87,DISPLAY,0,0
40,31488,SUCCESS,209.8783,-86,DISPLAY,0,0
41,32148,SUCCESS,209.7205,-85,DISPLAY,0,0
42,32804,SUCCESS,211.0502,-87,DISPLAY,0,0
43,33459,SUCCESS,208.8416,-86,DISPLAY,0,0
44,34114,SUCCESS,210.5544,-88,DISPLAY,0,0
45,34768,SUCCESS,211.6136,-88,DISPLAY,0,0
46,35423,SUCCESS,211.7713,-86,DISPLAY,0,0
47,36078,SUCCESS,212.2671,-86,DISPLAY,0,0
48,36733,SUCCESS,209.9459,-85,DISPLAY,0,0
49,37388,SUCCESS,209.5403,-85,DISPLAY,0,0
50,38043,SUCCESS,207.8275,-87,DISPLAY,0,0
51,38703,SUCCESS,209.3825,-87,DISPLAY,0,0
52,39358,SUCCESS,209.2022,-86,DISPLAY,0,0
53,40013,SUCCESS,210.0135,-85,DISPLAY,0,0
54,40668,SUCCESS,210.9375,-86,DISPLAY,0,0
55,41323,SUCCESS,211.1178,-85,DISPLAY,0,0
56,41978,SUCCESS,211.3206,-88,DISPLAY,0,0
57,42633,SUCCESS,211.9065,-86,DISPLAY,0,0
58,43288,SUCCESS,210.5994,-87,DISPLAY,0,0
59,43943,SUCCESS,210.8248,-87,DISPLAY,0,0
60,44598,SUCCESS,209.4726,-86,DISPLAY,0,0
61,45258,SUCCESS,209.3149,-86,DISPLAY,0,0
62,45913,SUCCESS,210.8924,-87,DISPLAY,0,0
63,46568,SUCCESS,209.2698,-87,DISPLAY,0,0
64,47223,SUCCESS,210.0586,-87,DISPLAY,0,0
65,47878,SUCCESS,211.4783,-86,DISPLAY,0,0
66,48533,SUCCESS,210.8924,-86,DISPLAY,0,0
67,49188,SUCCESS,210.1262,-85,DISPLAY,0,0
68,49843,SUCCESS,209.7656,-85,DISPLAY,0,0
69,50498,SUCCESS,209.7656,-86,DISPLAY,0,0
70,51153,SUCCESS,208.4585,-88,DISPLAY,0,0
71,51813,SUCCESS,210.1262,-87,DISPLAY,0,0
72,52468,SUCCESS,209.4050,-87,DISPLAY,0,0
73,53123,SUCCESS,210.4642,-87,DISPLAY,0,0
74,53778,SUCCESS,210.7572,-86,DISPLAY,0,0
75,54433,SUCCESS,210.2614,-87,DISPLAY,0,0
76,55088,SUCCESS,212.6277,-86,DISPLAY,0,0
77,55743,SUCCESS,209.6529,-86,DISPLAY,0,0
78,56398,SUCCESS,210.9149,-86,DISPLAY,0,0
79,57054,SUCCESS,209.3149,-88,DISPLAY,0,0
80,57708,SUCCESS,209.4726,-86,DISPLAY,0,0
81,58368,SUCCESS,212.7854,-87,DISPLAY,0,0
82,59023,SUCCESS,211.8389,-87,DISPLAY,0,0
83,59678,SUCCESS,210.4642,-87,DISPLAY,0,0
84,60333,SUCCESS,212.8080,-86,DISPLAY,0,0
85,60988,SUCCESS,210.5994,-87,DISPLAY,0,0
86,61643,SUCCESS,211.3657,-85,DISPLAY,0,0
87,62298,SUCCESS,210.7797,-87,DISPLAY,0,0
88,62953,SUCCESS,211.5460,-85,DISPLAY,0,0
89,63608,SUCCESS,209.4276,-85,DISPLAY,0,0
90,64263,SUCCESS,211.0276,-87,DISPLAY,0,0
91,64923,SUCCESS,210.6220,-85,DISPLAY,0,0
92,65579,SUCCESS,212.3573,-87,DISPLAY,0,0
93,66234,SUCCESS,207.8726,-87,DISPLAY,0,0
94,66889,SUCCESS,207.6472,-89,DISPLAY,0,0
95,67544,SUCCESS,208.3458,-89,DISPLAY,0,0
96,68199,SUCCESS,208.3909,-87,DISPLAY,0,0
97,68853,SUCCESS,210.8924,-87,DISPLAY,0,0
98,69508,SUCCESS,211.7037,-87,DISPLAY,0,0
99,70163,SUCCESS,208.5261,-86,DISPLAY,0,0
100,70818,SUCCESS,211.0276,-87,DISPLAY,0,0
101,71478,SUCCESS,210.2839,-87,DISPLAY,0,0
102,72133,SUCCESS,210.4192,-88,DISPLAY,0,0
103,72788,SUCCESS,209.7431,-87,DISPLAY,0,0
104,73443,SUCCESS,209.4726,-87,DISPLAY,0,0
105,74098,SUCCESS,211.7488,-87,DISPLAY,0,0
106,74753,SUCCESS,209.9910,-86,DISPLAY,0,0
107,75408,SUCCESS,209.4726,-86,DISPLAY,0,0
108,76063,SUCCESS,209.2247,-87,DISPLAY,0,0
109,76718,SUCCESS,208.0754,-86,DISPLAY,0,0
110,77373,SUCCESS,207.4895,-87,DISPLAY,0,0
